"Title","URL"
"QA Tester","https://www.dice.com/job-detail/63285d2c-2adb-44c4-a39b-b898ef281af2"
"QA Tester","https://www.dice.com/job-detail/e696f2f1-c3fa-4e2c-90e1-0c2b691f74e2"
"QA Tester","https://www.dice.com/job-detail/55cd8b87-b865-458f-9ec8-9dd12b8fe02d"
"QA Tester","https://www.dice.com/job-detail/1f3cd7fc-3ee2-49e2-9a1c-54436691c5dd"
"Automation Tester","https://www.dice.com/job-detail/b9d87c8e-b696-488d-82f6-83261f0265eb"
"QA Automation Tester ( Python Language) - Plano, TX(Locals Only)","https://www.dice.com/job-detail/378250c9-38e6-458d-9a6e-65daa4e8640f"
"QA Automation Tester","https://www.dice.com/job-detail/6e61e70b-8253-4ea7-8400-ffe3b8043671"
"QA Tester","https://www.dice.com/job-detail/84777caa-52c3-4242-91c0-2a8feed238b8"
"QA Automation Tester","https://www.dice.com/job-detail/e447273a-a6b4-4561-b64c-d4d9a917ee83"
"SDET/QA Tester Engineer","https://www.dice.com/job-detail/b115daa0-9a41-45c7-887f-eab92e576152"
"Quality Assurance Tester","https://www.dice.com/job-detail/f57cbec8-ec6b-4234-9d3c-3ca4d93a3a84"
"Intermediate Systems Testing/QA Specialist","https://www.dice.com/job-detail/8469642d-c70f-46dc-abba-ad43755995f1"
"QA Automation Tester","https://www.dice.com/job-detail/d6f9ae5b-67f1-4f76-a490-340eddf4c0c8"
"Quality Assurance Tester / Full-Time / Hybrid / Harrisburg, PA","https://www.dice.com/job-detail/bb090682-a48f-415f-8059-9f1b659afe1b"
"Direct Client: QA Tester @ Harrisburg, PA - REMOTE - ONLY LOCALS","https://www.dice.com/job-detail/d2a7fd34-d0a0-49db-afa3-6cdfdb9a6cb6"
"ON-SITE -Senior Tester - HBITS-06-14047","https://www.dice.com/job-detail/b298107a-0472-4262-99d6-1c384075bbcd"
"Quality Assurance Consultant IV","https://www.dice.com/job-detail/f8f2e66a-1e02-4ddf-8a8f-e2eb1840baa8"
"Systems Testing/QA Specialist","https://www.dice.com/job-detail/205315e7-52ab-4302-a67d-69ab708d0ef2"
"ON-SITE - Lead Test Automation Engineer - HBITS-06-14030","https://www.dice.com/job-detail/b4a3a3c8-c253-4666-a23b-a30e1123d65c"
"ON-SITE - QA Automation Tester - HBITS-06-14028","https://www.dice.com/job-detail/4727a3b9-2d47-4d07-8fae-7eced118ad48"
"Senior QA tester - Eagle (Investments Platform)","https://www.dice.com/job-detail/42344cad-4bea-4db1-a41f-643142557fc8"
"PowerBI Quality Assurance Tester","https://www.dice.com/job-detail/1d9f84b7-acc9-4686-8c9e-03509b7d78cb"
"Quality Assurance Consultant IV","https://www.dice.com/job-detail/5e45ede4-1755-45bd-9095-2d8d3d520276"
"Quality Assurance Engineer- 6 months Contract - Sunnyvale, CA (Hybrid)","https://www.dice.com/job-detail/ca5b9675-9efe-4464-bb2d-dd88aa7f7dee"
"AI Applications QA","https://www.dice.com/job-detail/b2166cc0-cee8-4526-9c1a-dd807097a71e"
"Sr QA Engineer","https://www.dice.com/job-detail/3d3dfb2c-5242-4875-9dca-6be87e2846de"
"Data Tester Lead with Azure + Insurance Policy + claims system Exp","https://www.dice.com/job-detail/3b1e8b2d-0f6c-46c6-b95b-3a1ff91e3f2e"
"Test Automation Engineer (AI) - Charlotte, NC","https://www.dice.com/job-detail/5cb8f914-4bd4-4f71-aa1c-dc456fce2936"
"Manual Tester","https://www.dice.com/job-detail/ef131183-6634-46c7-8c3f-41efbb1a7b02"
"Quality Assurance Tester","https://www.dice.com/job-detail/b28bd063-dcc6-404d-a4d8-10cb4b501a50"
"QA ATM tester","https://www.dice.com/job-detail/9eea77df-50b0-4de7-9b32-8abc11a4aa5f"
"Manual QA Tester - local candidates only","https://www.dice.com/job-detail/891ea7a8-0f49-412e-a4cc-e9b8acd6ed2b"
"QA Tester - Selenium Webdriver wih C#","https://www.dice.com/job-detail/b2b6ec42-cff9-40c2-b4c0-a5f34b2280b2"
"QE Tester/ETL QA Tester with experience in TOSCA-L5-Kansas/Dallas/Atlanta-Onsite","https://www.dice.com/job-detail/c62cd8df-0748-4b13-8fa3-8e1bdf356d86"
"IT QA Tester/Analyst - Brewster, NY","https://www.dice.com/job-detail/d48fba8f-e65a-4463-be7b-8854607fb402"
"QA Engineer Front-End Automation","https://www.dice.com/job-detail/5378f955-ab7a-41a9-9df3-59f6ca747686"
"QA Tester","https://www.dice.com/job-detail/6f5268ff-181b-464f-bbf6-1449fba78c35"
"QA Analyst","https://www.dice.com/job-detail/d86b3720-63ac-40f5-a7bd-1e8951f86530"
"Automation Tester","https://www.dice.com/job-detail/863c8878-7ee5-47f8-b00f-f2a183611516"
"QA Tester with Integrated Eligibility","https://www.dice.com/job-detail/b18b13ae-b31c-4811-aa8b-5eba452e3fdc"
"QA Analyst (Manual Tester)","https://www.dice.com/job-detail/ca8c7f19-dd4a-44a7-8586-41ec30594e1f"
"SAP QA Tester | SAP Quality Tester | SAP Quality Analyst | SAP Automation Tester SAP HANA Testing","https://www.dice.com/job-detail/26ac86e6-d4e8-44c3-9acd-c7cb289a1776"
"qa tester with Java - low salary","https://www.dice.com/job-detail/983259ef-7771-41fe-bfbf-e3ee79371c1d"
"QA Tester - Automation with Selenium Webdriver","https://www.dice.com/job-detail/107dccee-7c53-46a0-9329-03b6378535ed"
"Automation Tester","https://www.dice.com/job-detail/5b3c61b6-91a0-4f86-a18f-1eda5b7e261b"
"Workday Tester","https://www.dice.com/job-detail/b4d29f58-b955-439a-bbfd-22dcb9fbe269"
"QA Tester","https://www.dice.com/job-detail/2f699050-07a1-4d6c-aa8b-c1a6f77eefbe"
"QA Engineer - Loans/Lending Experience","https://www.dice.com/job-detail/5897d7cf-89b9-46ea-b2fa-2789e72c43a6"
"Quality Assurance Tester","https://www.dice.com/job-detail/c9451a06-3700-4d54-b8d6-4bc65f215733"
"Quality Assurance Tester","https://www.dice.com/job-detail/3512f0a0-8e37-4fb7-8fe1-5f176ad96c0e"
"Manual Tester","https://www.dice.com/job-detail/5f9f8125-b2b7-404f-a540-e1bd3c15345a"
"Quality Assurance Tester","https://www.dice.com/job-detail/23604f53-a5ea-4c9c-8a09-376199c17c4a"
"Junior Software Tester","https://www.dice.com/job-detail/2dbb9689-69ff-479d-82bc-496d2fb67323"
"QA Software Tester -- Fully Remote (100%)","https://www.dice.com/job-detail/7f4b74d1-be35-4956-ad8d-5990a3376500"
"Software Quality Assurance Tester","https://www.dice.com/job-detail/47b8c896-d030-4c6a-9e93-518bb9e744b6"
"ON-SITE - Peoplesoft QA Tester - HBITS-06-14017","https://www.dice.com/job-detail/300a06da-3481-4e27-91d6-8f19a13e0e84"
"ON-SITE - QA Automation Tester - HBITS-06-13990","https://www.dice.com/job-detail/85cecca5-e8ee-4c69-9ea1-7205fdf295ed"
"Senior QA Investments Platform","https://www.dice.com/job-detail/7ed46b25-97db-4f30-b33d-21da4124b28d"
"Systems Testing/QA Specialist","https://www.dice.com/job-detail/205315e7-52ab-4302-a67d-69ab708d0ef2"
"Intermediate Systems Testing/QA Specialist","https://www.dice.com/job-detail/8469642d-c70f-46dc-abba-ad43755995f1"
"Junior QA Consultant","https://www.dice.com/job-detail/c2344b00-ce70-4578-8b37-a28d0194ed8b"
"Business Analyst - Data and QA","https://www.dice.com/job-detail/f0b85a9f-1991-4713-9671-7473ec70e025"
"Oracle ERP Tester - Remote","https://www.dice.com/job-detail/d487be1c-5ea0-4886-ac38-12a2320468f2"
"QA Tester/Quality Assurance - HEALTHCARE/MEDICAID (Hybrid - Columbus Ohio)","https://www.dice.com/job-detail/ff603ad8-a6ef-4ada-8920-63e7dfd686b9"
"Quality Assurance Automation Tes","https://www.dice.com/job-detail/e656b669-6ca4-4471-81b5-8ddedfd6dca3"
"QA Tester (3 positions)","https://www.dice.com/job-detail/496c6193-7331-4007-89c1-72b64709f754"
"QA Testing Analyst","https://www.dice.com/job-detail/eaa27fcb-9326-461e-a56f-fc2b620a6770"
"QA Lead Tester","https://www.dice.com/job-detail/df138874-5baf-4cf3-aa57-586379c3e168"
"Salesforce QA Tester 100% Remote | Only to Candidates Residing in India","https://www.dice.com/job-detail/d35eaf6e-1271-4f96-b103-81ed2b1fb16a"
"QA Manual Testing","https://www.dice.com/job-detail/7ebfe539-3bb7-4d01-ab83-c31d23ff5068"
"QA Automation Tester (NEED ONLY LOCAL CANDIDATES)","https://www.dice.com/job-detail/a24f597b-9fe2-4dea-aa7a-aa39aa2e3264"
"On-Site Peoplesoft Tester (People Soft Financials/HCM/OAC/OBIA)","https://www.dice.com/job-detail/bc95b44f-30bf-4e28-9c4d-324e6ed04cf0"
"QA Tester / Virtualization / Window Applications","https://www.dice.com/job-detail/981fc524-66af-4ae3-8663-71b4d131415b"
"Quality Assurance Tester","https://www.dice.com/job-detail/4b0e2053-04bd-408a-b976-f5399d45f0e2"
"Quality Assurance (QA) Tester","https://www.dice.com/job-detail/148401ad-0d4d-4a27-a28b-0b0267397c69"
"QA / Business Analyst - ONSITE in Jupiter, FL","https://www.dice.com/job-detail/3077aa35-bc14-4bc8-8579-e6e801dc46b5"
"QA Tester with iOS testing -Harrisburg, PA-Local Candidates only","https://www.dice.com/job-detail/f8b15648-269f-49c0-941e-e1ba83793693"
"Software Quality Assurance Tester (No Remote/No Sponsorship)","https://www.dice.com/job-detail/67120470-e346-4c82-92fb-b2d4cd82a5ba"
"QA TESTER (INFOTAINMENT CLIENT EXP MUST)","https://www.dice.com/job-detail/5e0e1240-480c-416b-8747-2ad6d46723ca"
"SAP TOSCA Automation Engineer","https://www.dice.com/job-detail/2bb59c45-6a55-456b-9644-b66f8e877e9b"
"EMC Tester(W2 Only)","https://www.dice.com/job-detail/92c52249-5acb-4ade-bdaf-c0e13aae3a72"
"QA Automation Tester - Automotive domain experiece","https://www.dice.com/job-detail/0c7bde27-88d3-4e1c-8c6a-ebc656a2276f"
"Mobile Test Automation Engineer (Hybrid)","https://www.dice.com/job-detail/1f497645-b311-4cae-8be2-329b3e87cba3"
"QA Automation Lead","https://www.dice.com/job-detail/18cf8f3c-e7a2-40ea-ba2f-03aab054cf6c"
"QA Automation Engineer","https://www.dice.com/job-detail/824eb1c0-208d-4276-9007-306568d2c4f9"
"TOSCA Automation Tester","https://www.dice.com/job-detail/358b4ff3-67cc-439e-9618-192b6c0e4c43"
"Sr. QA Eagle","https://www.dice.com/job-detail/8a03d6c9-30ad-4f00-bb5d-6d80c6b3196e"
"Need Fraud & Risk Tester at Phoenix, AZ","https://www.dice.com/job-detail/7937caa7-ef39-4120-823e-e319dde445b9"
"Lead Tester (Life & Annuities)","https://www.dice.com/job-detail/8582562f-0124-4a61-a7cb-6f9fd77dbe83"
"Manual QA Tester/UI Focus","https://www.dice.com/job-detail/59161a05-61ac-4e20-b43f-b2a831ab9a02"
"SENIOR QA TESTER - Massachusets candidates only","https://www.dice.com/job-detail/b17ba440-2051-4511-83c8-9c7569096da9"
"Gen AI Tester (SDLC)","https://www.dice.com/job-detail/61c99897-9927-44df-8b33-674a2619a459"
"Embedded Tester DVT Role","https://www.dice.com/job-detail/149a5441-9428-48b2-a4bb-32b0140f6cc7"
"Lead QA Automation Engineer","https://www.dice.com/job-detail/f03e9fd8-93ab-42c4-ba50-0fc055ccdf42"
"Lead Data Tester (Azure)","https://www.dice.com/job-detail/22f1089e-9db6-4e1b-9f06-bbafa84f5cfd"
"Mainframe Tester (Telecom Domain) __Richardson, TX 75082 (Onsite day1)","https://www.dice.com/job-detail/2efd9e2a-affd-4050-9146-ff531c2a551c"
"Data Analytics / Data Quality Testing - Tableau / Alteryx","https://www.dice.com/job-detail/084765c2-465d-49d5-83d4-9379ff6012a2"
"QA Automation - TOSCA","https://www.dice.com/job-detail/ea03df54-69b0-4c9f-9a6f-f3660423c507"
"QA Tester","https://www.dice.com/job-detail/e6e88a1a-4da5-4587-a136-f8f82cef6cdf"
"Senior Integration Tester REMOTE","https://www.dice.com/job-detail/f0681413-b802-4e58-bb1b-b04dcfc53f97"
"Performance Testing Engineer","https://www.dice.com/job-detail/2eea2948-2335-4e00-8f3c-cdedd1d563da"
"Senior Product Manager","https://www.dice.com/job-detail/f1ee7a8e-8ce2-420d-aa41-26a4224f7f49"
"Test Manager","https://www.dice.com/job-detail/7d626a28-fba0-40c5-ad40-621fd238d939"
"Business Analyst","https://www.dice.com/job-detail/28e66569-f595-42f7-8729-6d2b74d18e1e"
"Software Test Analyst 5 - Onsite : (IN Person interview)","https://www.dice.com/job-detail/93d19da3-5fda-44bd-ba9c-06fb2e416fc1"
"QA Consultant","https://www.dice.com/job-detail/98a7679f-857e-4aaa-86b6-c44cbd76e609"
"Test Analyst","https://www.dice.com/job-detail/0305acad-b43c-4959-8c25-bff9c611b815"
"QA Tester","https://www.dice.com/job-detail/71865e9c-e008-42e0-a46b-32c42b140c6b"
"QA Tester | Quality Tester | Quality Analyst | Manual Tester","https://www.dice.com/job-detail/a1e53206-52f5-4623-b519-dcbee0c760e2"
"DevSecOps Automated Testing Subject Matter Expert (SME)","https://www.dice.com/job-detail/e80d7271-60d9-4e3c-8cce-628ff65be1b5"
"Application Developer","https://www.dice.com/job-detail/b18580bc-6e03-460d-beaa-57cd5f2a0d07"
"Software Development Engineer in Test (SDET(: (Multiple Openings)","https://www.dice.com/job-detail/1085a906-d6f6-40d4-b841-5a1b6bd284e1"
"Senior Snowflake Engineer","https://www.dice.com/job-detail/90cf005c-0628-41b6-94f3-5d4f0bac696f"
"Embedded Test Engineer (Bluetooth Protocol tools Sodera, nRF sniffers, Power Analyzer tools)","https://www.dice.com/job-detail/ffe3a846-c1b0-4dd9-ab6f-21b2f6ac4ec2"
"Security Engineer","https://www.dice.com/job-detail/86db1d31-8def-4f2b-8ccc-f324468b0f08"
"Remote Full Stack Developer - Angular/React/Spring","https://www.dice.com/job-detail/322a5ad3-7bc9-4628-8836-b195fb235056"
"ServiceNow Developer","https://www.dice.com/job-detail/e1292208-a68e-4304-9748-3cde51e835d7"
